method,n_papers,n_efficiency_pole,n_accountability_pole,n_both_poles,bic_1comp,bic_2comp,delta_bic,dip_pvalue,explained_variance,embedding_lexical_corr
embedding,18798,638.0,279.0,19.0,-16909.643710505512,-18173.681020884578,1264.0373103790662,,0.037336912006139755,0.6829414225516701
tfidf_lexical,18798,638.0,279.0,19.0,-57318.886628200315,-66280.10632170946,8961.219693509149,,,0.6829414225516701
unsupervised_PC3,18798,638.0,279.0,19.0,,,37.13440401956177,,0.005988820552591959,-0.583010017612685
embedding_1990–2006,848,,,,,,22.01715620358641,,,
embedding_2007–2014,4578,,,,,,-12.094876397945882,,,
embedding_2015–2025,13372,,,,,,863.8860263280894,,,
